id_matki,pesel_matki,imie,nazwisko,grupa_krwi
1,19751494347,Elżbieta,Wójcik,B Rh+
2,49061226680,Dorota,Kamińska,0 Rh-
3,41160509834,Helena,Woźniak,B Rh-
4,12809476714,Zofia,Kaczmarek,AB Rh+
5,82967242069,Elżbieta,Dąbrowska,B Rh-
6,24701881889,Katarzyna,Wiśniewska,B Rh+
7,20528099065,Magdalena,Piotrowska,B Rh-
8,33964254377,Krystyna,Grabowska,B Rh+
9,04282837176,Elżbieta,Woźniak,AB Rh+
10,07961998641,Helena,Jankowska,0 Rh-
11,07821118440,Janina,Szymańska,AB Rh+
12,51948862931,Zofia,Szymańska,B Rh+
13,73151266212,Marta,Krawczyk,B Rh+
14,43501023312,Teresa,Kaczmarek,A Rh-
15,40740994250,Krystyna,Szymańska,0 Rh-
16,08653628691,Zofia,Kowalczyk,A Rh+
17,32649835529,Jadwiga,Wojciechowska,0 Rh-
18,96418848576,Magdalena,Kwiatkowska,A Rh+
19,87286544394,Marta,Grabowska,B Rh+
20,87864987746,Katarzyna,Wójcik,A Rh+
21,20559472884,Janina,Wojciechowska,B Rh+
22,33773681439,Ewa,Lewandowska,AB Rh+
23,90112800282,Irena,Kowalska,AB Rh+
24,63438352875,Joanna,Szymańska,AB Rh+
25,81752030252,Małgorzata,Kowalska,B Rh+
26,84693142099,Joanna,Zielińska,AB Rh-
27,28612562191,Dorota,Kwiatkowska,0 Rh+
28,21246873320,Irena,Woźniak,A Rh-
29,52232217539,Katarzyna,Wójcik,0 Rh-
30,45305963551,Magdalena,Krawczyk,A Rh-
31,96109345460,Agnieszka,Kwiatkowska,AB Rh+
32,07981011384,Ewa,Grabowska,AB Rh+
33,04514721940,Anna,Krawczyk,AB Rh-
34,94437235354,Beata,Kowalska,AB Rh+
35,92887287945,Katarzyna,Lewandowska,B Rh-
36,35703492718,Krystyna,Nowak,AB Rh+
37,08345471723,Halina,Kaczmarek,AB Rh-
38,51620701252,Monika,Nowak,0 Rh+
39,05033854511,Agnieszka,Nowak,AB Rh+
40,42154720547,Magdalena,Kowalczyk,AB Rh+
41,71842006010,Aleksandra,Kozłowska,0 Rh-
42,55220228700,Małgorzata,Kowalczyk,B Rh+
43,37741049363,Aleksandra,Kamińska,A Rh-
44,28011469044,Marta,Wojciechowska,0 Rh-
45,53971728333,Elżbieta,Wojciechowska,A Rh-
46,45941771528,Krystyna,Kowalczyk,AB Rh-
47,23752327249,Elżbieta,Nowak,0 Rh+
48,92128228100,Barbara,Jankowska,0 Rh+
49,38326384520,Barbara,Mazur,AB Rh-
50,14231293125,Aleksandra,Piotrowska,A Rh-
51,47183355919,Ewa,Zielińska,A Rh+
52,69374310733,Beata,Dąbrowska,0 Rh+
53,37133565146,Anna,Szymańska,AB Rh+
54,78256533970,Ewa,Krawczyk,AB Rh-
55,87617693572,Danuta,Krawczyk,B Rh+
56,37335335458,Elżbieta,Wiśniewska,A Rh-
57,41570138741,Katarzyna,Nowak,AB Rh+
58,81848280677,Beata,Kozłowska,B Rh+
59,93473208401,Danuta,Kwiatkowska,0 Rh-
60,06328608345,Dorota,Nowak,0 Rh-
61,56516766150,Aleksandra,Kaczmarek,A Rh+
62,63954482646,Irena,Kowalczyk,AB Rh+
63,22995968636,Krystyna,Kowalska,AB Rh+
64,85430833864,Barbara,Kowalczyk,A Rh-
65,70119928764,Elżbieta,Kowalska,B Rh-
66,52187524586,Agnieszka,Piotrowska,AB Rh+
67,71071932377,Magdalena,Woźniak,AB Rh-
68,31650363054,Beata,Szymańska,AB Rh+
69,86551872022,Anna,Zielińska,AB Rh+
70,77240139775,Anna,Woźniak,A Rh+
71,54093287715,Zofia,Mazur,0 Rh-
72,69583939588,Krystyna,Wójcik,AB Rh+
73,28857521367,Krystyna,Dąbrowska,B Rh-
74,93018323691,Elżbieta,Szymańska,A Rh-
75,94847847108,Halina,Nowak,0 Rh+
76,51768878286,Joanna,Dąbrowska,A Rh-
77,31359062993,Monika,Kowalczyk,0 Rh+
78,86770973889,Helena,Krawczyk,B Rh+
79,39160323939,Elżbieta,Kowalczyk,B Rh-
80,25035587360,Barbara,Wójcik,A Rh-
81,67972795525,Krystyna,Kowalczyk,B Rh+
82,03997314855,Halina,Kowalczyk,AB Rh-
83,35620784563,Maria,Piotrowska,AB Rh+
84,90493564006,Magdalena,Kowalska,AB Rh+
85,35185989076,Elżbieta,Dąbrowska,0 Rh-
86,55862127305,Elżbieta,Kamińska,B Rh-
87,90812411276,Elżbieta,Lewandowska,A Rh-
88,76510040512,Barbara,Lewandowska,0 Rh+
89,55928680282,Małgorzata,Nowak,AB Rh-
90,32593047423,Katarzyna,Kozłowska,A Rh+
91,14645975652,Agnieszka,Kozłowska,B Rh+
92,25424962888,Janina,Nowak,0 Rh+
93,84554676549,Janina,Wiśniewska,B Rh-
94,79456534035,Marta,Nowak,A Rh-
95,79040470691,Dorota,Kwiatkowska,B Rh-
96,24522705240,Aleksandra,Kowalska,AB Rh-
97,41012926557,Beata,Lewandowska,A Rh+
98,74001491820,Teresa,Kaczmarek,A Rh-
99,73269848659,Katarzyna,Grabowska,0 Rh+
100,01165818199,Zofia,Wiśniewska,AB Rh-
101,54918920707,Agnieszka,Grabowska,AB Rh-
102,63613986070,Beata,Piotrowska,AB Rh+
103,36760050118,Teresa,Kaczmarek,0 Rh-
104,58847583326,Magdalena,Dąbrowska,AB Rh-
105,42549560003,Marta,Dąbrowska,A Rh+
106,63476759682,Helena,Zielińska,B Rh+
107,27126249652,Ewa,Wójcik,B Rh+
108,61498570229,Agnieszka,Krawczyk,A Rh+
109,76354190067,Elżbieta,Piotrowska,0 Rh-
110,45128353444,Irena,Piotrowska,A Rh-
111,54374416434,Aleksandra,Wojciechowska,AB Rh+
112,72411153730,Katarzyna,Kwiatkowska,A Rh+
113,08189166845,Anna,Kozłowska,0 Rh-
114,52358176748,Janina,Grabowska,A Rh+
115,48034108788,Małgorzata,Piotrowska,AB Rh-
116,13218690921,Jadwiga,Kaczmarek,0 Rh-
117,21642379341,Marta,Zielińska,0 Rh+
118,25268680274,Małgorzata,Krawczyk,A Rh-
119,63221313761,Aleksandra,Kowalczyk,AB Rh-
120,09009808805,Marta,Kwiatkowska,AB Rh-
121,94538689920,Barbara,Lewandowska,0 Rh-
122,24550620220,Joanna,Kwiatkowska,A Rh-
123,48335995810,Helena,Kaczmarek,AB Rh+
124,24489758425,Teresa,Lewandowska,A Rh-
125,16432586978,Janina,Kwiatkowska,A Rh-
126,08635264155,Irena,Kwiatkowska,0 Rh+
127,97085892120,Elżbieta,Kaczmarek,AB Rh+
128,61845609544,Joanna,Kaczmarek,AB Rh-
129,10558988639,Elżbieta,Szymańska,B Rh-
130,01585459408,Maria,Jankowska,B Rh-
131,42702951198,Zofia,Kamińska,B Rh+
132,84148377076,Agnieszka,Kowalczyk,B Rh+
133,63939639570,Zofia,Kaczmarek,B Rh-
134,52834451955,Aleksandra,Woźniak,0 Rh-
135,44336321728,Helena,Kaczmarek,AB Rh-
136,18863435451,Katarzyna,Grabowska,0 Rh-
137,34053508876,Joanna,Szymańska,AB Rh-
138,51937030365,Irena,Kozłowska,A Rh-
139,69908545073,Krystyna,Grabowska,0 Rh-
140,48526304107,Irena,Kozłowska,AB Rh+
141,89856524055,Maria,Kowalczyk,A Rh-
142,66257032187,Dorota,Kozłowska,0 Rh-
143,83406019600,Teresa,Krawczyk,AB Rh-
144,17853459383,Elżbieta,Lewandowska,A Rh+
145,82395352324,Joanna,Kowalska,B Rh+
146,17806950431,Halina,Lewandowska,B Rh+
147,18906576593,Aleksandra,Mazur,0 Rh+
148,35408250766,Maria,Kwiatkowska,AB Rh+
149,71894601494,Agnieszka,Kowalczyk,AB Rh+
150,16247939126,Aleksandra,Krawczyk,AB Rh+
151,84775330349,Danuta,Jankowska,A Rh+
152,83211150503,Jadwiga,Krawczyk,B Rh-
153,92090691672,Janina,Kamińska,B Rh-
154,19008239919,Barbara,Kowalska,B Rh-
155,61687517769,Katarzyna,Wiśniewska,AB Rh+
156,80176815585,Zofia,Zielińska,AB Rh+
157,15150279936,Elżbieta,Kwiatkowska,0 Rh+
158,96913523606,Helena,Kamińska,B Rh-
159,99768427062,Krystyna,Grabowska,A Rh+
160,28616978282,Dorota,Jankowska,A Rh-
161,82059762013,Danuta,Mazur,B Rh+
162,61731433476,Małgorzata,Nowak,AB Rh-
163,59738191235,Marta,Kamińska,B Rh-
164,26725261508,Zofia,Wiśniewska,A Rh-
165,57778050012,Irena,Kowalczyk,AB Rh-
166,98392487433,Marta,Jankowska,0 Rh-
167,71002806599,Dorota,Kwiatkowska,B Rh+
168,30377290299,Beata,Kowalska,B Rh+
169,12315962781,Krystyna,Kozłowska,B Rh+
170,40149238114,Jadwiga,Nowak,B Rh+
171,68778121941,Aleksandra,Kozłowska,A Rh+
172,27179677038,Marta,Piotrowska,B Rh-
173,35625786641,Joanna,Kowalska,AB Rh-
174,64017872262,Danuta,Wójcik,A Rh+
175,47392963682,Katarzyna,Piotrowska,AB Rh-
176,89543109521,Jadwiga,Mazur,AB Rh-
177,97984916376,Magdalena,Kowalczyk,AB Rh+
178,04836231344,Krystyna,Grabowska,AB Rh-
179,51022517540,Aleksandra,Wiśniewska,0 Rh-
180,19599489189,Monika,Szymańska,0 Rh-
181,03082541358,Monika,Nowak,A Rh+
182,36574359375,Maria,Szymańska,AB Rh+
183,23216710827,Helena,Szymańska,B Rh-
184,44729626446,Monika,Wiśniewska,A Rh+
185,45521618718,Danuta,Wiśniewska,B Rh-
186,96405297100,Agnieszka,Kaczmarek,B Rh-
187,91787336247,Monika,Kwiatkowska,B Rh+
188,01221373467,Magdalena,Kaczmarek,0 Rh-
189,05500029885,Halina,Mazur,A Rh+
190,14461159432,Anna,Jankowska,0 Rh+
191,66599194086,Elżbieta,Mazur,A Rh+
192,58674488714,Zofia,Nowak,B Rh-
193,18541827186,Ewa,Lewandowska,AB Rh-
194,78385688006,Agnieszka,Krawczyk,B Rh-
195,77570448734,Monika,Dąbrowska,AB Rh-
196,82343009497,Teresa,Grabowska,B Rh-
197,18544878633,Małgorzata,Kowalska,A Rh+
198,28196997188,Dorota,Kwiatkowska,A Rh+
199,25824681491,Anna,Wojciechowska,0 Rh+
200,23709083989,Katarzyna,Wiśniewska,0 Rh+
201,00990361155,Barbara,Grabowska,B Rh+
202,83720927883,Monika,Krawczyk,B Rh-
203,95528000238,Magdalena,Grabowska,AB Rh+
204,10548967755,Elżbieta,Szymańska,A Rh+
205,61352704231,Dorota,Kozłowska,B Rh+
206,76207929859,Halina,Nowak,A Rh-
207,70899746659,Jadwiga,Szymańska,0 Rh-
208,69610903512,Helena,Lewandowska,0 Rh+
209,21153349427,Elżbieta,Mazur,A Rh+
210,64129171527,Małgorzata,Kowalczyk,AB Rh+
211,54678828298,Małgorzata,Grabowska,0 Rh-
212,53156696292,Halina,Mazur,0 Rh-
213,98035314471,Aleksandra,Nowak,A Rh-
214,75314518897,Agnieszka,Kozłowska,0 Rh-
215,69492237803,Elżbieta,Kowalska,B Rh+
216,03614489796,Irena,Wójcik,0 Rh+
217,77194050609,Marta,Kozłowska,B Rh+
218,04943607631,Agnieszka,Zielińska,B Rh-
219,64062779703,Ewa,Wojciechowska,0 Rh-
220,13620216507,Teresa,Kaczmarek,0 Rh-
221,60376717352,Katarzyna,Nowak,AB Rh+
222,01201569843,Anna,Lewandowska,B Rh+
223,42483290439,Barbara,Szymańska,A Rh+
224,57944505823,Halina,Kozłowska,A Rh-
225,83585083558,Helena,Kwiatkowska,B Rh+
226,82650358406,Agnieszka,Woźniak,AB Rh-
227,78288560267,Marta,Lewandowska,0 Rh+
228,16246725687,Joanna,Wojciechowska,A Rh+
229,95249997170,Anna,Dąbrowska,0 Rh+
230,00534830718,Marta,Woźniak,A Rh+
231,66993290915,Marta,Kamińska,B Rh+
232,87278298594,Marta,Wójcik,B Rh+
233,19608716465,Irena,Mazur,A Rh-
234,69178054141,Monika,Wiśniewska,A Rh-
235,87321799802,Małgorzata,Piotrowska,AB Rh+
236,90819561362,Marta,Kowalczyk,B Rh+
237,02375081547,Krystyna,Kozłowska,AB Rh+
238,57632764135,Krystyna,Nowak,AB Rh+
239,46688913189,Halina,Kaczmarek,0 Rh-
240,98513541085,Ewa,Kowalczyk,AB Rh-
241,95752314486,Maria,Dąbrowska,0 Rh-
242,91350519410,Jadwiga,Kowalczyk,0 Rh-
243,92444128617,Janina,Mazur,A Rh+
244,77844980801,Monika,Piotrowska,B Rh+
245,36417438951,Beata,Mazur,AB Rh+
246,35835696596,Halina,Nowak,A Rh+
247,18544609436,Beata,Kowalczyk,0 Rh+
248,28617471858,Ewa,Piotrowska,A Rh-
249,40114646429,Barbara,Kowalska,A Rh-
250,64259911125,Zofia,Wójcik,A Rh-
251,79367238773,Anna,Kamińska,0 Rh+
252,18288711208,Irena,Wiśniewska,0 Rh-
253,72355129677,Maria,Kamińska,B Rh-
254,27156340397,Helena,Kozłowska,A Rh-
255,49524743062,Magdalena,Kowalczyk,0 Rh+
256,08183371959,Beata,Kwiatkowska,AB Rh-
257,59338166640,Barbara,Lewandowska,B Rh+
258,44490789408,Halina,Lewandowska,AB Rh+
259,71369536964,Joanna,Grabowska,AB Rh-
260,74698994920,Dorota,Jankowska,A Rh-
261,12197359840,Marta,Dąbrowska,0 Rh-
262,03886366133,Magdalena,Krawczyk,A Rh+
263,88484748242,Helena,Kamińska,B Rh+
264,91229564143,Magdalena,Wiśniewska,B Rh+
265,79362573213,Irena,Kozłowska,B Rh+
266,16951989218,Marta,Kwiatkowska,0 Rh+
267,17724663446,Aleksandra,Kamińska,A Rh+
268,24281240977,Monika,Krawczyk,B Rh+
269,16464556890,Krystyna,Dąbrowska,A Rh-
270,23135518077,Danuta,Krawczyk,0 Rh-
271,41924775070,Helena,Dąbrowska,0 Rh-
272,84708166763,Dorota,Kwiatkowska,AB Rh-
273,53804813275,Barbara,Kwiatkowska,A Rh+
274,64544384501,Beata,Wiśniewska,B Rh+
275,08208949917,Dorota,Nowak,0 Rh-
276,47308809067,Maria,Krawczyk,B Rh+
277,63359748637,Marta,Wójcik,0 Rh+
278,48177864569,Barbara,Piotrowska,A Rh-
279,38137874750,Maria,Woźniak,B Rh+
280,16852583041,Monika,Kozłowska,A Rh-
281,52223048122,Aleksandra,Kowalska,A Rh+
282,07635169853,Katarzyna,Szymańska,AB Rh+
283,21669315532,Halina,Mazur,AB Rh-
284,20771825866,Maria,Nowak,AB Rh+
285,98366642015,Dorota,Kaczmarek,0 Rh+
286,84257082416,Janina,Kozłowska,A Rh-
287,17747716599,Marta,Kamińska,AB Rh+
288,01832886630,Marta,Dąbrowska,B Rh+
289,03671790410,Krystyna,Kamińska,B Rh-
290,60410712403,Elżbieta,Woźniak,A Rh-
291,34791446976,Katarzyna,Dąbrowska,B Rh+
292,33845660860,Teresa,Kowalska,B Rh-
293,08213407306,Irena,Lewandowska,A Rh+
294,80095507902,Dorota,Zielińska,A Rh-
295,30778748364,Janina,Jankowska,B Rh-
296,17742902700,Janina,Wójcik,0 Rh+
297,60578062958,Joanna,Kowalska,B Rh-
298,59767914848,Anna,Dąbrowska,AB Rh-
299,95948630795,Magdalena,Mazur,0 Rh+
300,71847363873,Krystyna,Kamińska,0 Rh+
301,03184856032,Ewa,Piotrowska,0 Rh+
302,14088666111,Zofia,Wojciechowska,0 Rh+
303,49451483748,Zofia,Kozłowska,AB Rh+
304,17932964719,Irena,Woźniak,AB Rh-
305,59534818212,Anna,Kwiatkowska,0 Rh-
306,48530604302,Helena,Dąbrowska,A Rh+
307,05972944153,Teresa,Kwiatkowska,AB Rh+
308,45724159069,Monika,Kowalska,B Rh-
309,58960001140,Agnieszka,Kozłowska,0 Rh-
310,94992043929,Agnieszka,Nowak,AB Rh-
311,46234506331,Aleksandra,Kamińska,AB Rh-
312,48126852765,Monika,Piotrowska,AB Rh-
313,27300378720,Jadwiga,Wójcik,0 Rh+
314,98725281703,Marta,Dąbrowska,B Rh-
315,34890239939,Małgorzata,Woźniak,0 Rh-
316,20508669941,Danuta,Wojciechowska,B Rh-
317,76129361767,Maria,Grabowska,A Rh+
318,20184750102,Maria,Dąbrowska,0 Rh-
319,83980312625,Ewa,Kaczmarek,AB Rh-
320,04160220509,Teresa,Woźniak,AB Rh+
321,69437823810,Krystyna,Kwiatkowska,B Rh-
322,00400948001,Halina,Kaczmarek,AB Rh-
323,93597469458,Agnieszka,Kamińska,AB Rh+
324,89455770121,Janina,Lewandowska,0 Rh+
325,58704577060,Janina,Grabowska,B Rh-
326,46127350863,Monika,Jankowska,0 Rh+
327,81937314739,Jadwiga,Szymańska,AB Rh-
328,73121874411,Joanna,Kwiatkowska,A Rh-
329,14106643409,Marta,Szymańska,AB Rh+
330,57560016821,Małgorzata,Piotrowska,0 Rh+
331,77257668403,Zofia,Zielińska,A Rh+
332,98861677088,Małgorzata,Dąbrowska,B Rh-
333,36162202275,Jadwiga,Kowalczyk,AB Rh-
334,52353491764,Krystyna,Dąbrowska,B Rh+
335,38451083354,Katarzyna,Kamińska,0 Rh+
336,99519718182,Maria,Wojciechowska,0 Rh-
337,08451123968,Elżbieta,Szymańska,AB Rh+
338,67572689527,Marta,Kowalczyk,A Rh-
339,12314418725,Janina,Wiśniewska,B Rh+
340,49432651796,Aleksandra,Mazur,AB Rh+
341,41142756972,Janina,Kozłowska,B Rh+
342,52308560673,Barbara,Kowalska,A Rh+
343,63016423726,Maria,Piotrowska,B Rh-
344,40501565482,Aleksandra,Jankowska,AB Rh+
345,21241939581,Beata,Kamińska,A Rh-
346,44492779563,Barbara,Kwiatkowska,0 Rh+
347,68048548978,Dorota,Jankowska,AB Rh+
348,12799602788,Danuta,Dąbrowska,AB Rh+
349,94508027112,Katarzyna,Kwiatkowska,0 Rh-
350,66698099996,Beata,Wiśniewska,A Rh-
351,05139910582,Janina,Wiśniewska,A Rh-
352,32185161468,Barbara,Lewandowska,AB Rh-
353,41723482938,Monika,Zielińska,0 Rh+
354,22041867711,Marta,Piotrowska,A Rh-
355,92942493839,Ewa,Woźniak,0 Rh+
356,68103162438,Zofia,Mazur,A Rh+
357,85281266383,Halina,Woźniak,AB Rh-
358,86134110947,Magdalena,Wiśniewska,A Rh-
359,63066022982,Ewa,Kamińska,AB Rh+
360,97273528213,Anna,Piotrowska,A Rh-
361,01042734341,Małgorzata,Piotrowska,A Rh+
362,23814929347,Małgorzata,Krawczyk,A Rh-
363,36085400499,Marta,Kowalczyk,0 Rh+
364,76761447803,Beata,Szymańska,AB Rh-
365,10163510583,Ewa,Lewandowska,AB Rh+
366,88099604515,Anna,Piotrowska,B Rh+
367,62963885287,Małgorzata,Wiśniewska,AB Rh+
368,79620312253,Dorota,Dąbrowska,AB Rh+
369,79329506616,Krystyna,Kozłowska,B Rh-
370,24034406656,Teresa,Kaczmarek,0 Rh+
371,57771291671,Danuta,Piotrowska,0 Rh+
372,17535934669,Monika,Wojciechowska,A Rh-
373,53236273303,Halina,Kwiatkowska,B Rh+
374,27640175893,Agnieszka,Lewandowska,AB Rh-
375,48856057322,Monika,Dąbrowska,A Rh+
376,05069052013,Katarzyna,Wójcik,B Rh+
377,53847529635,Małgorzata,Szymańska,A Rh+
378,87836345652,Marta,Dąbrowska,0 Rh-
379,45645411505,Dorota,Wojciechowska,0 Rh+
380,32288977321,Dorota,Lewandowska,B Rh+
381,58592202927,Jadwiga,Mazur,0 Rh-
382,19868305818,Irena,Piotrowska,AB Rh+
383,93856892912,Maria,Wójcik,0 Rh-
384,03992765431,Barbara,Kowalczyk,0 Rh+
385,40777583486,Elżbieta,Jankowska,B Rh-
386,88374668474,Danuta,Woźniak,0 Rh+
387,43070127021,Beata,Mazur,A Rh-
388,57154512152,Joanna,Kowalska,AB Rh+
389,95854260410,Dorota,Mazur,AB Rh+
390,06195007667,Janina,Jankowska,AB Rh+
391,99955936343,Zofia,Lewandowska,0 Rh+
392,73736252213,Maria,Kaczmarek,A Rh-
393,87355283267,Helena,Zielińska,0 Rh-
394,33930683636,Monika,Woźniak,B Rh-
395,23775583853,Elżbieta,Grabowska,A Rh+
396,10313479205,Helena,Kowalska,AB Rh+
397,57323446833,Dorota,Kowalczyk,B Rh+
398,38472683459,Elżbieta,Lewandowska,0 Rh-
399,43263010672,Halina,Wiśniewska,B Rh-
400,16979729924,Katarzyna,Jankowska,0 Rh-
401,35320251805,Elżbieta,Szymańska,A Rh-
402,64846660450,Anna,Zielińska,0 Rh-
403,22613674082,Teresa,Wójcik,A Rh+
404,34367429609,Elżbieta,Kwiatkowska,AB Rh-
405,04258868977,Aleksandra,Kaczmarek,A Rh+
406,50367826189,Irena,Kowalczyk,A Rh+
407,39809807584,Beata,Kowalczyk,B Rh+
408,09973745608,Dorota,Nowak,B Rh-
409,07136763211,Agnieszka,Woźniak,0 Rh+
410,78203980475,Joanna,Szymańska,A Rh+
411,49113888589,Monika,Wójcik,AB Rh+
412,21880808518,Jadwiga,Kowalczyk,0 Rh-
413,86692829515,Krystyna,Wojciechowska,0 Rh-
414,73534383411,Halina,Wojciechowska,AB Rh+
415,21689788175,Monika,Kamińska,A Rh+
416,29131276940,Teresa,Zielińska,0 Rh-
417,46173121451,Janina,Kowalska,B Rh-
418,18891520180,Zofia,Jankowska,0 Rh-
419,87017345782,Ewa,Piotrowska,B Rh+
420,62565360336,Barbara,Nowak,AB Rh+
421,48478734644,Jadwiga,Wójcik,A Rh-
422,36918334058,Monika,Dąbrowska,AB Rh+
423,70373264391,Małgorzata,Jankowska,B Rh-
424,92550646132,Irena,Mazur,B Rh+
425,98785617205,Helena,Zielińska,A Rh+
426,74204970351,Danuta,Szymańska,A Rh-
427,56355064701,Halina,Mazur,B Rh-
428,99805083590,Katarzyna,Kamińska,AB Rh-
429,22801892675,Teresa,Kozłowska,0 Rh+
430,02084517217,Dorota,Nowak,B Rh+
431,87667520480,Halina,Grabowska,B Rh-
432,75907145123,Irena,Wójcik,A Rh-
433,63203960756,Agnieszka,Zielińska,B Rh+
434,03480240355,Joanna,Jankowska,A Rh+
435,43467890969,Janina,Wojciechowska,0 Rh-
436,37983413827,Magdalena,Wójcik,0 Rh+
437,46042652788,Agnieszka,Kwiatkowska,A Rh+
438,24440612422,Zofia,Szymańska,0 Rh-
439,06002089307,Maria,Kamińska,AB Rh+
440,76690826928,Joanna,Kwiatkowska,0 Rh-
441,51398535347,Aleksandra,Grabowska,A Rh-
442,21027461416,Małgorzata,Nowak,B Rh+
443,58694691390,Magdalena,Grabowska,0 Rh-
444,32389460022,Joanna,Kwiatkowska,AB Rh-
445,63479226498,Magdalena,Lewandowska,AB Rh-
446,41595435696,Beata,Kaczmarek,AB Rh+
447,72991238794,Ewa,Kaczmarek,0 Rh-
448,90026348456,Magdalena,Wiśniewska,B Rh+
449,46258235401,Anna,Jankowska,0 Rh-
450,88260107031,Janina,Grabowska,B Rh+
451,19764227220,Maria,Nowak,AB Rh+
452,09897909808,Janina,Grabowska,AB Rh-
453,20429244936,Agnieszka,Jankowska,A Rh-
454,80061702308,Krystyna,Zielińska,A Rh+
455,98203741949,Elżbieta,Szymańska,AB Rh+
456,86847578518,Agnieszka,Piotrowska,A Rh-
457,64499351662,Barbara,Mazur,0 Rh+
458,73671538735,Małgorzata,Wiśniewska,A Rh-
459,01806415485,Irena,Szymańska,0 Rh-
460,70701589927,Krystyna,Wójcik,B Rh-
461,38317997297,Jadwiga,Krawczyk,AB Rh-
462,79420343842,Magdalena,Piotrowska,AB Rh-
463,95998840055,Halina,Kowalczyk,AB Rh-
464,47757216578,Agnieszka,Piotrowska,0 Rh-
465,97664940314,Irena,Kowalska,0 Rh-
466,29032505610,Janina,Kwiatkowska,AB Rh-
467,12106675577,Krystyna,Wojciechowska,AB Rh-
468,76191848481,Małgorzata,Grabowska,B Rh+
469,94630874786,Maria,Kamińska,AB Rh-
470,03352477706,Anna,Piotrowska,AB Rh+
471,18389988640,Irena,Kamińska,0 Rh+
472,48153562286,Maria,Zielińska,AB Rh+
473,03318885057,Krystyna,Wójcik,A Rh+
474,95191512579,Barbara,Woźniak,0 Rh+
475,57622573390,Elżbieta,Kamińska,A Rh-
476,06575142151,Irena,Piotrowska,A Rh+
477,37552192109,Danuta,Woźniak,0 Rh+
478,58146437599,Danuta,Lewandowska,B Rh-
479,42879094843,Helena,Wojciechowska,B Rh-
480,84912401182,Agnieszka,Grabowska,B Rh-
481,57023291670,Krystyna,Wójcik,A Rh+
482,93649853872,Joanna,Wiśniewska,A Rh+
483,53821703994,Jadwiga,Szymańska,B Rh-
484,49537365628,Janina,Mazur,B Rh-
485,95669611364,Teresa,Lewandowska,B Rh-
486,66088123046,Helena,Wójcik,0 Rh-
487,75813624255,Anna,Wójcik,AB Rh-
488,15667395899,Elżbieta,Wójcik,AB Rh+
489,65583427747,Katarzyna,Nowak,B Rh+
490,40053316941,Magdalena,Piotrowska,AB Rh+
491,34556301639,Magdalena,Woźniak,0 Rh-
492,73439937200,Dorota,Woźniak,B Rh+
493,37707748186,Anna,Wojciechowska,A Rh-
494,75232258444,Anna,Dąbrowska,AB Rh+
495,22952872849,Katarzyna,Krawczyk,A Rh-
496,99204493916,Helena,Krawczyk,A Rh+
497,17090783546,Beata,Kaczmarek,AB Rh-
498,44588873514,Agnieszka,Krawczyk,B Rh-
499,42469829450,Magdalena,Piotrowska,0 Rh+
500,76636849898,Teresa,Mazur,A Rh+
501,45226216013,Elżbieta,Dąbrowska,A Rh-
502,45192756603,Aleksandra,Piotrowska,AB Rh+
503,77079859658,Elżbieta,Kaczmarek,B Rh-
504,51595736566,Danuta,Jankowska,A Rh-
505,95486130400,Anna,Kwiatkowska,A Rh-
506,91281462717,Małgorzata,Kowalska,A Rh-
507,52625695845,Anna,Kowalska,0 Rh-
508,08763902643,Małgorzata,Krawczyk,0 Rh+
509,69395386151,Monika,Piotrowska,A Rh-
510,99360139493,Janina,Kowalczyk,AB Rh-
511,69230711975,Katarzyna,Jankowska,B Rh+
512,50339027889,Katarzyna,Grabowska,0 Rh+
513,71114028694,Agnieszka,Krawczyk,0 Rh-
514,43026058580,Maria,Grabowska,AB Rh-
515,80777074031,Agnieszka,Woźniak,AB Rh+
516,91178544627,Aleksandra,Krawczyk,B Rh+
517,68849835654,Halina,Kamińska,AB Rh+
518,57929483705,Beata,Piotrowska,AB Rh+
519,12940617363,Krystyna,Mazur,B Rh+
520,84527617386,Joanna,Mazur,AB Rh+
521,97556322068,Katarzyna,Kowalska,AB Rh+
522,28209319260,Danuta,Kwiatkowska,0 Rh-
523,14615119620,Jadwiga,Woźniak,A Rh+
524,70639798095,Monika,Zielińska,B Rh+
525,33228725884,Zofia,Kowalczyk,B Rh-
526,92055393537,Dorota,Woźniak,A Rh+
527,74515922981,Krystyna,Krawczyk,B Rh+
528,44336508123,Jadwiga,Lewandowska,A Rh+
529,63419725616,Beata,Woźniak,0 Rh-
530,61456662255,Magdalena,Wojciechowska,0 Rh-
531,62910688499,Halina,Wojciechowska,AB Rh-
532,78278466181,Beata,Zielińska,A Rh-
533,72040028964,Krystyna,Kamińska,0 Rh-
534,33849756268,Magdalena,Lewandowska,0 Rh-
535,70569687286,Dorota,Wiśniewska,AB Rh+
536,07052137675,Anna,Jankowska,A Rh+
537,33822009121,Małgorzata,Wójcik,A Rh-
538,64632265763,Marta,Woźniak,B Rh-
539,57222771516,Danuta,Zielińska,B Rh-
540,50232388071,Jadwiga,Lewandowska,AB Rh+
541,97491879143,Maria,Nowak,AB Rh+
542,80717997578,Monika,Jankowska,0 Rh-
543,18733227265,Teresa,Krawczyk,B Rh+
544,30365159725,Krystyna,Lewandowska,AB Rh+
545,45528928402,Beata,Zielińska,A Rh+
546,43881220998,Teresa,Piotrowska,A Rh-
547,69959141961,Katarzyna,Nowak,B Rh+
548,07220634143,Małgorzata,Kwiatkowska,AB Rh+
549,90959146956,Elżbieta,Szymańska,AB Rh+
550,26424378733,Ewa,Lewandowska,A Rh-
551,39628209999,Monika,Nowak,AB Rh-
552,23742858527,Janina,Woźniak,A Rh+
553,78609415010,Janina,Jankowska,A Rh+
554,46536288778,Krystyna,Zielińska,B Rh+
555,74558889422,Monika,Kaczmarek,0 Rh+
556,52404545041,Danuta,Kowalska,B Rh+
557,99783254231,Anna,Woźniak,AB Rh-
558,05884823223,Magdalena,Wojciechowska,0 Rh-
559,04353857028,Maria,Kwiatkowska,B Rh+
560,46311443955,Dorota,Piotrowska,AB Rh-
561,42968310075,Helena,Kwiatkowska,AB Rh+
562,90234097440,Teresa,Mazur,B Rh-
563,17250811750,Maria,Lewandowska,AB Rh+
564,37014789685,Katarzyna,Krawczyk,AB Rh-
565,91440385550,Maria,Lewandowska,A Rh+
566,42232905694,Agnieszka,Wiśniewska,B Rh+
567,40389961350,Magdalena,Piotrowska,B Rh-
568,09373004577,Beata,Dąbrowska,B Rh-
569,44956979022,Danuta,Szymańska,AB Rh+
570,70606125310,Danuta,Dąbrowska,AB Rh+
571,09249171134,Janina,Mazur,A Rh+
572,41308611306,Teresa,Kwiatkowska,A Rh+
573,13429310153,Irena,Dąbrowska,AB Rh+
574,10589462899,Zofia,Jankowska,AB Rh-
575,48762861146,Irena,Wojciechowska,A Rh-
576,35556262962,Barbara,Szymańska,AB Rh+
577,79404810768,Helena,Lewandowska,B Rh+
578,00509366537,Aleksandra,Woźniak,AB Rh-
579,44739595049,Aleksandra,Kaczmarek,A Rh-
580,67318836501,Halina,Kozłowska,A Rh-
581,80649429741,Ewa,Kaczmarek,B Rh+
582,38413628294,Danuta,Wiśniewska,AB Rh-
583,80658746869,Dorota,Kowalczyk,A Rh+
584,84685819765,Zofia,Kozłowska,B Rh+
585,51965088233,Magdalena,Woźniak,AB Rh-
586,11350717919,Maria,Kozłowska,A Rh-
587,57258009979,Anna,Kowalska,AB Rh+
588,72362300272,Agnieszka,Mazur,A Rh+
589,67886503412,Halina,Kozłowska,0 Rh+
590,43761723980,Irena,Kowalska,B Rh+
591,73232398238,Ewa,Lewandowska,A Rh-
592,39222073595,Beata,Woźniak,AB Rh+
593,20192168084,Aleksandra,Wojciechowska,B Rh+
594,13813962767,Elżbieta,Szymańska,AB Rh-
595,48012169684,Elżbieta,Wójcik,A Rh+
596,90415454073,Maria,Krawczyk,0 Rh-
597,88183334598,Marta,Wojciechowska,AB Rh-
598,63582971189,Anna,Wiśniewska,0 Rh-
599,58867812446,Elżbieta,Wójcik,AB Rh+
600,80968527990,Monika,Lewandowska,A Rh+
601,54393998210,Barbara,Kowalczyk,A Rh+
602,42069715524,Marta,Kwiatkowska,B Rh+
603,48465108255,Monika,Nowak,A Rh+
604,74818057847,Beata,Krawczyk,0 Rh-
605,01791051033,Helena,Mazur,0 Rh-
606,06181859387,Agnieszka,Szymańska,B Rh+
607,30744551277,Agnieszka,Nowak,AB Rh+
608,42070163834,Halina,Grabowska,B Rh+
609,06963593821,Beata,Dąbrowska,AB Rh+
610,71531017263,Agnieszka,Nowak,B Rh-
611,66092202521,Krystyna,Wojciechowska,0 Rh+
612,07803208874,Barbara,Nowak,B Rh+
613,35228092762,Małgorzata,Lewandowska,0 Rh+
614,06908188347,Helena,Nowak,A Rh-
615,59593649946,Zofia,Kowalczyk,A Rh-
616,16692174208,Maria,Nowak,B Rh-
617,00450465587,Janina,Wiśniewska,0 Rh-
618,95448769105,Barbara,Jankowska,B Rh+
619,48465870379,Ewa,Mazur,0 Rh-
620,56736611698,Joanna,Nowak,AB Rh-
621,81928005263,Barbara,Krawczyk,B Rh+
622,86732339220,Beata,Lewandowska,AB Rh-
623,21660445116,Janina,Krawczyk,0 Rh+
624,64625285396,Joanna,Kozłowska,0 Rh+
625,61939103578,Joanna,Kozłowska,A Rh-
626,75752149259,Anna,Grabowska,AB Rh-
627,61870328650,Helena,Grabowska,AB Rh+
628,81992662307,Aleksandra,Kamińska,B Rh-
629,77183697820,Danuta,Kozłowska,0 Rh+
630,69069350081,Aleksandra,Kamińska,AB Rh+
631,44615712241,Beata,Kaczmarek,0 Rh+
632,60562061391,Katarzyna,Szymańska,B Rh-
633,07722138027,Halina,Kamińska,B Rh+
634,48462987897,Monika,Dąbrowska,B Rh+
635,94398536801,Janina,Dąbrowska,AB Rh+
636,79568154925,Halina,Wojciechowska,0 Rh+
637,97398186960,Agnieszka,Dąbrowska,AB Rh-
638,55670705567,Halina,Zielińska,B Rh+
639,51141214097,Katarzyna,Kwiatkowska,B Rh+
640,07858725378,Ewa,Szymańska,0 Rh-
641,78079493889,Helena,Jankowska,B Rh+
642,23200786695,Teresa,Woźniak,AB Rh-
643,02172176273,Beata,Nowak,B Rh+
644,53529716148,Anna,Mazur,B Rh-
645,60128540858,Marta,Kwiatkowska,A Rh-
646,36410202068,Teresa,Grabowska,0 Rh-
647,72503521431,Elżbieta,Lewandowska,B Rh-
648,28854755953,Ewa,Zielińska,A Rh+
649,92518625758,Agnieszka,Wojciechowska,A Rh-
650,25618467345,Marta,Lewandowska,A Rh+
651,45285175915,Jadwiga,Grabowska,0 Rh-
652,00629539905,Katarzyna,Piotrowska,AB Rh+
653,43991331202,Helena,Zielińska,B Rh+
654,66331916827,Zofia,Wójcik,B Rh+
655,85710440366,Janina,Szymańska,AB Rh-
656,84312397807,Ewa,Piotrowska,B Rh-
657,69509811450,Joanna,Nowak,B Rh+
658,77299648226,Barbara,Piotrowska,0 Rh-
659,66224848649,Joanna,Nowak,AB Rh-
660,22327907610,Janina,Kowalska,B Rh-
661,77345574396,Irena,Zielińska,AB Rh-
662,34054765397,Danuta,Zielińska,0 Rh-
663,69714028910,Maria,Grabowska,0 Rh+
664,26405982392,Aleksandra,Szymańska,AB Rh-
665,33264116704,Elżbieta,Kwiatkowska,0 Rh-
666,28330332284,Beata,Krawczyk,B Rh+
667,21894386403,Jadwiga,Lewandowska,AB Rh-
668,05505134632,Magdalena,Grabowska,AB Rh+
669,47220070612,Anna,Szymańska,AB Rh+
670,59008552865,Teresa,Wiśniewska,B Rh-
671,98213367885,Dorota,Kaczmarek,B Rh+
672,55629434391,Joanna,Piotrowska,A Rh+
673,08062914603,Maria,Wiśniewska,B Rh+
674,45705016137,Zofia,Kwiatkowska,B Rh-
675,26845309228,Irena,Wójcik,B Rh-
676,61699720901,Helena,Mazur,A Rh-
677,35683188334,Marta,Dąbrowska,0 Rh-
678,05270063839,Beata,Lewandowska,B Rh-
679,75378658300,Beata,Lewandowska,A Rh-
680,85731192392,Małgorzata,Dąbrowska,B Rh+
681,69601819810,Monika,Zielińska,A Rh+
682,77240133351,Irena,Wojciechowska,B Rh-
683,44448026113,Teresa,Mazur,0 Rh+
684,65255272360,Maria,Grabowska,A Rh-
685,78568530483,Anna,Wójcik,AB Rh+
686,48494207353,Barbara,Piotrowska,A Rh+
687,46108995888,Krystyna,Kowalczyk,AB Rh+
688,76958674582,Agnieszka,Grabowska,0 Rh+
689,74232757430,Agnieszka,Wojciechowska,0 Rh-
690,44486691610,Halina,Wójcik,A Rh-
691,31388191087,Halina,Lewandowska,A Rh-
692,21055685634,Magdalena,Nowak,0 Rh-
693,28749889320,Ewa,Lewandowska,0 Rh+
694,32272131024,Jadwiga,Kowalczyk,0 Rh-
695,19561934717,Joanna,Kowalczyk,A Rh-
696,02326740476,Krystyna,Kowalska,B Rh+
697,34832649599,Marta,Mazur,B Rh-
698,21435885527,Monika,Grabowska,AB Rh+
699,96538313051,Magdalena,Kozłowska,A Rh-
700,74430491228,Jadwiga,Wójcik,0 Rh-
701,58604086484,Elżbieta,Kozłowska,0 Rh-
702,04839696538,Dorota,Wiśniewska,0 Rh-
703,27442150917,Irena,Krawczyk,0 Rh+
704,24165657311,Magdalena,Krawczyk,B Rh-
705,32481327473,Barbara,Zielińska,B Rh+
706,33378459052,Janina,Kwiatkowska,0 Rh+
707,32522713788,Magdalena,Mazur,B Rh+
708,72954782594,Joanna,Lewandowska,A Rh-
709,82767028486,Ewa,Kamińska,A Rh-
710,80078347607,Beata,Kowalczyk,B Rh+
711,72187255962,Halina,Piotrowska,A Rh-
712,69646010509,Helena,Kowalczyk,A Rh-
713,51811708423,Jadwiga,Nowak,AB Rh+
714,24046085068,Barbara,Szymańska,0 Rh-
715,30998674217,Magdalena,Dąbrowska,A Rh+
716,03706385895,Maria,Kowalczyk,B Rh-
717,98826282880,Irena,Krawczyk,0 Rh+
718,01702147061,Marta,Kamińska,0 Rh+
719,91921031217,Małgorzata,Lewandowska,AB Rh-
720,81065988117,Jadwiga,Mazur,0 Rh+
721,69289381955,Danuta,Kowalczyk,A Rh+
722,68527648118,Krystyna,Kwiatkowska,A Rh+
723,32285492545,Dorota,Piotrowska,B Rh-
724,42009963919,Teresa,Wiśniewska,A Rh+
725,00224635328,Elżbieta,Woźniak,0 Rh+
726,50432287063,Magdalena,Lewandowska,AB Rh-
727,75459451370,Ewa,Lewandowska,B Rh+
728,17086911737,Katarzyna,Lewandowska,B Rh-
729,06180958007,Helena,Nowak,B Rh-
730,20923072106,Ewa,Woźniak,AB Rh-
731,83913403286,Monika,Kowalska,AB Rh-
732,21841661740,Aleksandra,Piotrowska,B Rh-
733,24468455063,Beata,Kowalczyk,B Rh-
734,83856705674,Janina,Kwiatkowska,B Rh-
735,28411570082,Małgorzata,Kwiatkowska,0 Rh+
736,74497533953,Janina,Nowak,0 Rh-
737,59160667837,Monika,Wojciechowska,AB Rh-
738,93770525007,Ewa,Kwiatkowska,0 Rh+
739,45612293070,Beata,Grabowska,AB Rh-
740,02200927748,Maria,Kozłowska,0 Rh+
741,50926694707,Monika,Dąbrowska,0 Rh+
742,19476062719,Ewa,Szymańska,AB Rh+
743,26395761391,Magdalena,Szymańska,B Rh-
744,68427265493,Jadwiga,Grabowska,B Rh+
745,61375374945,Marta,Jankowska,A Rh-
746,45362324730,Zofia,Lewandowska,A Rh-
747,74630619437,Irena,Wójcik,AB Rh+
748,59913803757,Magdalena,Dąbrowska,AB Rh+
749,08482025792,Zofia,Kwiatkowska,AB Rh-
750,45782488334,Beata,Wojciechowska,AB Rh-
751,78396174282,Anna,Jankowska,A Rh+
752,25914255500,Janina,Kwiatkowska,0 Rh+
753,84649047380,Monika,Nowak,B Rh+
754,20339796018,Elżbieta,Kwiatkowska,0 Rh+
755,31567790111,Teresa,Wojciechowska,B Rh-
756,71247849407,Joanna,Nowak,AB Rh+
757,75095348845,Krystyna,Kowalczyk,B Rh+
758,84262721371,Barbara,Piotrowska,AB Rh+
759,00274169125,Teresa,Dąbrowska,0 Rh+
760,09728094941,Monika,Jankowska,AB Rh-
761,68815888272,Irena,Kaczmarek,B Rh-
762,89502839404,Maria,Wójcik,B Rh+
763,19534461528,Helena,Woźniak,AB Rh-
764,91354237726,Barbara,Kowalska,0 Rh+
765,40364593889,Aleksandra,Nowak,0 Rh+
766,80740029105,Krystyna,Lewandowska,A Rh+
767,95247644432,Beata,Kamińska,A Rh-
768,65442314450,Katarzyna,Kwiatkowska,A Rh+
769,92780616370,Małgorzata,Krawczyk,0 Rh+
770,45881402290,Ewa,Krawczyk,AB Rh-
771,09495833435,Agnieszka,Kowalska,B Rh-
772,03371392764,Elżbieta,Woźniak,B Rh-
773,78810069528,Joanna,Wiśniewska,B Rh-
774,31836548827,Zofia,Kamińska,B Rh+
775,96186890206,Teresa,Nowak,AB Rh+
776,06668317189,Anna,Kamińska,A Rh-
777,30009995651,Dorota,Kwiatkowska,B Rh-
778,98860186686,Marta,Mazur,AB Rh-
779,92198197965,Joanna,Wójcik,A Rh+
780,66336439736,Maria,Kowalczyk,B Rh-
781,53212255364,Halina,Kozłowska,B Rh-
782,99344587087,Ewa,Grabowska,0 Rh-
783,36302675930,Magdalena,Kaczmarek,A Rh-
784,82243989263,Jadwiga,Kowalska,0 Rh-
785,99087314550,Joanna,Jankowska,B Rh-
786,04102664232,Aleksandra,Mazur,A Rh+
787,87603259990,Janina,Wojciechowska,AB Rh+
788,33473583846,Irena,Dąbrowska,0 Rh-
789,94395842159,Teresa,Wojciechowska,B Rh+
790,64537514223,Agnieszka,Wojciechowska,A Rh-
791,97058409706,Elżbieta,Kwiatkowska,A Rh+
792,69222952148,Ewa,Kaczmarek,0 Rh-
793,18584752775,Magdalena,Wiśniewska,0 Rh-
794,90375208258,Agnieszka,Kowalczyk,AB Rh-
795,47156233481,Dorota,Woźniak,B Rh+
796,59787674585,Marta,Kozłowska,0 Rh-
797,93186896940,Halina,Kozłowska,B Rh-
798,18849388377,Elżbieta,Zielińska,AB Rh+
799,19127598199,Marta,Kamińska,0 Rh-
800,18394677098,Beata,Kowalczyk,A Rh+
801,84092565156,Agnieszka,Krawczyk,AB Rh-
802,78819013154,Maria,Piotrowska,0 Rh-
803,24730993119,Magdalena,Kowalska,A Rh+
804,44182671946,Dorota,Mazur,B Rh-
805,94553787701,Barbara,Nowak,0 Rh+
806,79288524593,Jadwiga,Piotrowska,A Rh-
807,19420526881,Barbara,Mazur,A Rh-
808,12168308804,Danuta,Nowak,B Rh+
809,09116275096,Ewa,Kwiatkowska,B Rh+
810,34827190874,Danuta,Kamińska,A Rh-
811,01212204762,Zofia,Jankowska,B Rh+
812,35993460419,Maria,Wojciechowska,B Rh-
813,46541913628,Katarzyna,Kowalska,A Rh-
814,64025929997,Aleksandra,Zielińska,B Rh+
815,93775979490,Zofia,Woźniak,B Rh-
816,47394251231,Aleksandra,Kamińska,A Rh-
817,46657107960,Elżbieta,Mazur,0 Rh+
818,43909272285,Jadwiga,Kozłowska,0 Rh+
819,40149020466,Janina,Wojciechowska,B Rh+
820,55042022671,Marta,Piotrowska,B Rh-
821,62106242143,Joanna,Lewandowska,AB Rh-
822,16947045812,Agnieszka,Kowalczyk,A Rh-
823,87629729026,Anna,Kowalczyk,AB Rh-
824,91309523198,Monika,Lewandowska,A Rh+
825,63021130000,Zofia,Kowalczyk,B Rh+
826,75138562099,Beata,Kowalczyk,AB Rh-
827,31155410127,Katarzyna,Kozłowska,AB Rh+
828,73440412316,Monika,Kowalczyk,B Rh+
829,65107500517,Agnieszka,Wiśniewska,A Rh-
830,34571480983,Beata,Kamińska,A Rh+
831,81182095103,Ewa,Piotrowska,A Rh+
832,20428365115,Jadwiga,Grabowska,B Rh-
833,35052333947,Danuta,Mazur,0 Rh-
834,96900565750,Marta,Krawczyk,B Rh-
835,70997776386,Katarzyna,Zielińska,B Rh-
836,89439670245,Elżbieta,Kamińska,A Rh+
837,06902302978,Barbara,Zielińska,0 Rh+
838,21570173764,Barbara,Wiśniewska,A Rh-
839,61987559164,Dorota,Jankowska,0 Rh-
840,47282804701,Magdalena,Kowalczyk,B Rh-
841,40596786901,Elżbieta,Dąbrowska,A Rh-
842,02171276509,Teresa,Kowalczyk,A Rh+
843,83826795178,Janina,Kwiatkowska,B Rh+
844,56879248582,Anna,Mazur,A Rh-
845,58234042005,Ewa,Kwiatkowska,B Rh+
846,15632157723,Irena,Dąbrowska,AB Rh-
847,57371987922,Halina,Kowalczyk,0 Rh-
848,56171093016,Irena,Piotrowska,A Rh+
849,30502451587,Irena,Kwiatkowska,A Rh+
850,53726869190,Helena,Wojciechowska,A Rh+
851,41827524294,Marta,Kozłowska,B Rh+
852,39513931698,Halina,Wojciechowska,B Rh+
853,67231567233,Joanna,Kwiatkowska,B Rh+
854,23351194205,Agnieszka,Kowalczyk,B Rh+
855,65353913003,Marta,Woźniak,AB Rh+
856,14821948522,Krystyna,Wójcik,AB Rh+
857,55989827088,Beata,Wójcik,B Rh-
858,25558387579,Danuta,Mazur,AB Rh-
859,95971251850,Halina,Kamińska,0 Rh-
860,25102955038,Krystyna,Lewandowska,A Rh-
861,61547921254,Dorota,Szymańska,B Rh-
862,97798909912,Małgorzata,Wójcik,0 Rh+
863,39712583992,Maria,Grabowska,B Rh+
864,39756783341,Marta,Kozłowska,AB Rh-
865,84440167073,Janina,Krawczyk,0 Rh+
866,73170152386,Krystyna,Zielińska,AB Rh+
867,42939043907,Katarzyna,Dąbrowska,B Rh-
868,08815316451,Elżbieta,Mazur,A Rh-
869,63356607071,Teresa,Wojciechowska,AB Rh-
870,14192131629,Beata,Lewandowska,AB Rh+
871,80614394213,Marta,Zielińska,B Rh+
872,08249475582,Monika,Kowalczyk,A Rh-
873,43822459059,Jadwiga,Piotrowska,0 Rh+
874,93918104090,Dorota,Nowak,A Rh-
875,70001059910,Helena,Wojciechowska,A Rh+
876,91262984675,Marta,Nowak,0 Rh+
877,86542937836,Elżbieta,Kowalczyk,B Rh+
878,29623519469,Marta,Dąbrowska,B Rh+
879,16967080666,Irena,Kaczmarek,B Rh-
880,54782276443,Marta,Dąbrowska,0 Rh+
881,70896923541,Dorota,Wiśniewska,A Rh+
882,19967289697,Joanna,Wójcik,0 Rh-
883,77264294775,Magdalena,Wiśniewska,A Rh-
884,54039903173,Katarzyna,Wiśniewska,0 Rh+
885,01587670298,Halina,Lewandowska,B Rh-
886,76487244875,Krystyna,Zielińska,AB Rh+
887,47285799795,Dorota,Jankowska,0 Rh-
888,52102538213,Helena,Jankowska,A Rh-
889,42059683040,Beata,Krawczyk,0 Rh+
890,16619957164,Ewa,Wiśniewska,AB Rh+
891,35340820259,Katarzyna,Kowalska,A Rh+
892,42973395375,Monika,Kwiatkowska,AB Rh-
893,81574836798,Zofia,Wójcik,A Rh+
894,34942252727,Magdalena,Kwiatkowska,0 Rh+
895,78007862416,Marta,Szymańska,A Rh-
896,11573212475,Jadwiga,Kowalczyk,AB Rh+
897,29765699778,Danuta,Dąbrowska,A Rh-
898,73395679364,Marta,Kwiatkowska,AB Rh-
899,34687216031,Marta,Wojciechowska,B Rh+
900,14101989478,Irena,Wiśniewska,A Rh-
901,44665366968,Irena,Nowak,0 Rh+
902,32163321313,Jadwiga,Szymańska,AB Rh-
903,43705441766,Zofia,Jankowska,0 Rh-
904,54704010012,Aleksandra,Lewandowska,B Rh-
905,24129150023,Joanna,Kamińska,B Rh+
906,09427886646,Maria,Jankowska,AB Rh+
907,43723831625,Maria,Kowalczyk,AB Rh-
908,71577966997,Katarzyna,Szymańska,A Rh-
909,61923721871,Beata,Dąbrowska,0 Rh-
910,61148838651,Ewa,Zielińska,B Rh-
911,58439685287,Zofia,Jankowska,0 Rh+
912,62243195467,Jadwiga,Kwiatkowska,AB Rh+
913,95079637719,Krystyna,Szymańska,B Rh+
914,07164137365,Katarzyna,Kowalska,A Rh-
915,55725204171,Zofia,Kaczmarek,A Rh-
916,90627925512,Jadwiga,Woźniak,A Rh-
917,23592477855,Katarzyna,Woźniak,B Rh-
918,56863496476,Małgorzata,Kamińska,B Rh-
919,54497760428,Jadwiga,Kozłowska,A Rh+
920,34316996262,Barbara,Kamińska,B Rh-
921,63258991178,Katarzyna,Kamińska,AB Rh-
922,14330133053,Elżbieta,Piotrowska,0 Rh-
923,38357239007,Anna,Lewandowska,B Rh+
924,15345935762,Elżbieta,Wójcik,A Rh-
925,35279615151,Danuta,Nowak,AB Rh+
926,76945918750,Krystyna,Jankowska,B Rh-
927,59968827381,Anna,Kamińska,B Rh-
928,50116218155,Helena,Mazur,B Rh-
929,31414331802,Agnieszka,Dąbrowska,0 Rh-
930,94014990029,Janina,Kowalczyk,AB Rh+
931,38030202897,Zofia,Dąbrowska,0 Rh-
932,22828815177,Maria,Kaczmarek,0 Rh+
933,72557235483,Janina,Wójcik,A Rh+
934,56073344735,Halina,Woźniak,B Rh+
935,91612868034,Halina,Kamińska,AB Rh+
936,04524198630,Jadwiga,Piotrowska,AB Rh+
937,60388424786,Teresa,Kowalska,0 Rh+
938,55638360292,Ewa,Krawczyk,AB Rh-
939,06071729936,Dorota,Krawczyk,A Rh+
940,78727302421,Joanna,Nowak,A Rh+
941,24210542852,Anna,Kozłowska,A Rh+
942,60726063480,Monika,Kamińska,B Rh+
943,78004990565,Jadwiga,Zielińska,AB Rh+
944,86185354585,Danuta,Nowak,A Rh+
945,27642227048,Katarzyna,Kowalczyk,AB Rh+
946,09127655174,Teresa,Zielińska,0 Rh+
947,83350450865,Marta,Wiśniewska,B Rh-
948,62490163371,Monika,Lewandowska,A Rh+
949,87774551079,Małgorzata,Wojciechowska,B Rh-
950,27886458420,Halina,Krawczyk,AB Rh-
951,04798741619,Barbara,Krawczyk,0 Rh-
952,56575946066,Janina,Wiśniewska,AB Rh+
953,62306664489,Joanna,Wojciechowska,AB Rh-
954,54760894683,Katarzyna,Zielińska,0 Rh+
955,92466051440,Janina,Krawczyk,B Rh-
956,51724422167,Helena,Zielińska,A Rh-
957,35071622752,Krystyna,Wiśniewska,B Rh-
958,42967155653,Beata,Nowak,AB Rh-
959,36575522391,Krystyna,Nowak,0 Rh-
960,53423466062,Monika,Kaczmarek,0 Rh-
961,52766912264,Anna,Kowalczyk,B Rh-
962,21379424063,Marta,Kamińska,AB Rh-
963,32326642357,Agnieszka,Lewandowska,A Rh+
964,43766204217,Barbara,Wiśniewska,0 Rh+
965,91250375114,Anna,Grabowska,A Rh-
966,13869705497,Dorota,Wojciechowska,B Rh+
967,44385814931,Marta,Kaczmarek,B Rh-
968,88656124668,Jadwiga,Grabowska,B Rh+
969,38120378472,Halina,Zielińska,A Rh+
970,39058300773,Anna,Kowalska,0 Rh+
971,43282943760,Ewa,Wójcik,0 Rh+
972,76524455493,Monika,Kozłowska,0 Rh+
973,62897029325,Katarzyna,Lewandowska,AB Rh-
974,12264794380,Zofia,Kozłowska,B Rh-
975,27338473787,Elżbieta,Wojciechowska,AB Rh-
976,50515794838,Magdalena,Szymańska,A Rh-
977,42806834967,Zofia,Woźniak,AB Rh-
978,88244147278,Zofia,Jankowska,B Rh-
979,37518094075,Jadwiga,Dąbrowska,B Rh-
980,54293951851,Anna,Kozłowska,B Rh+
981,83322075680,Elżbieta,Grabowska,AB Rh-
982,99882176165,Beata,Nowak,A Rh-
983,96495978816,Marta,Wojciechowska,B Rh-
984,12266789528,Maria,Wiśniewska,AB Rh-
985,94278439670,Monika,Wiśniewska,A Rh+
986,42647262999,Agnieszka,Lewandowska,0 Rh+
987,65620393753,Dorota,Mazur,0 Rh+
988,70627279464,Krystyna,Zielińska,B Rh-
989,97644793572,Katarzyna,Kowalska,B Rh+
990,43604103055,Helena,Kwiatkowska,AB Rh+
991,12912302071,Aleksandra,Grabowska,AB Rh-
992,83070485965,Joanna,Wójcik,0 Rh-
993,69517219898,Agnieszka,Kwiatkowska,B Rh-
994,80795474294,Zofia,Kwiatkowska,B Rh+
995,93854873766,Beata,Dąbrowska,0 Rh-
996,15990457715,Agnieszka,Wiśniewska,AB Rh-
997,05756594157,Katarzyna,Zielińska,B Rh+
998,70741548511,Halina,Nowak,0 Rh+
999,19432482088,Dorota,Jankowska,AB Rh-
1000,04445016264,Jadwiga,Wójcik,0 Rh+
